Block_n,Onset_Time,Block_ID
1,10.00093698501587,1
2,40.00099802017212,2
3,70.00022888183594,2
